# ************************************************************
# Sequel Pro SQL dump
# Version 4541
#
# http://www.sequelpro.com/
# https://github.com/sequelpro/sequelpro
#
# Host: localhost (MySQL 5.5.5-10.2.12-MariaDB)
# Database: FO35C5A2CF01
# Generation Time: 2018-01-22 05:04:29 +0000
# ************************************************************


/*!40101 SET @OLD_CHARACTER_SET_CLIENT=@@CHARACTER_SET_CLIENT */;
/*!40101 SET @OLD_CHARACTER_SET_RESULTS=@@CHARACTER_SET_RESULTS */;
/*!40101 SET @OLD_COLLATION_CONNECTION=@@COLLATION_CONNECTION */;
/*!40101 SET NAMES utf8 */;
/*!40014 SET @OLD_FOREIGN_KEY_CHECKS=@@FOREIGN_KEY_CHECKS, FOREIGN_KEY_CHECKS=0 */;
/*!40101 SET @OLD_SQL_MODE=@@SQL_MODE, SQL_MODE='NO_AUTO_VALUE_ON_ZERO' */;
/*!40111 SET @OLD_SQL_NOTES=@@SQL_NOTES, SQL_NOTES=0 */;


# Dump of table ChangeSet
# ------------------------------------------------------------

DROP TABLE IF EXISTS `ChangeSet`;

CREATE TABLE `ChangeSet` (
  `ID` int(11) NOT NULL AUTO_INCREMENT,
  `ClassName` enum('SilverStripe\\Versioned\\ChangeSet') DEFAULT 'SilverStripe\\Versioned\\ChangeSet',
  `LastEdited` datetime DEFAULT NULL,
  `Created` datetime DEFAULT NULL,
  `Name` varchar(255) DEFAULT NULL,
  `State` enum('open','published','reverted') DEFAULT 'open',
  `IsInferred` tinyint(1) unsigned NOT NULL DEFAULT 0,
  `Description` mediumtext DEFAULT NULL,
  `PublishDate` datetime DEFAULT NULL,
  `LastSynced` datetime DEFAULT NULL,
  `OwnerID` int(11) NOT NULL DEFAULT 0,
  `PublisherID` int(11) NOT NULL DEFAULT 0,
  PRIMARY KEY (`ID`),
  KEY `ClassName` (`ClassName`),
  KEY `OwnerID` (`OwnerID`),
  KEY `PublisherID` (`PublisherID`)
) ENGINE=InnoDB DEFAULT CHARSET=utf8;

LOCK TABLES `ChangeSet` WRITE;
/*!40000 ALTER TABLE `ChangeSet` DISABLE KEYS */;

INSERT INTO `ChangeSet` (`ID`, `ClassName`, `LastEdited`, `Created`, `Name`, `State`, `IsInferred`, `Description`, `PublishDate`, `LastSynced`, `OwnerID`, `PublisherID`)
VALUES
	(1,'SilverStripe\\Versioned\\ChangeSet','2018-01-21 18:13:22','2018-01-21 18:13:22','Generated by publish of \'Home\' at Jan 21, 2018, 6:13:22 PM','published',1,NULL,'2018-01-21 18:13:22','2018-01-21 18:13:22',0,1),
	(2,'SilverStripe\\Versioned\\ChangeSet','2018-01-21 18:57:18','2018-01-21 18:57:18','Generated by publish of \'Tasks\' at Jan 21, 2018, 6:57:18 PM','published',1,NULL,'2018-01-21 18:57:18','2018-01-21 18:57:18',0,1),
	(3,'SilverStripe\\Versioned\\ChangeSet','2018-01-21 18:57:25','2018-01-21 18:57:25','Generated by publish of \'Tasks\' at Jan 21, 2018, 6:57:25 PM','published',1,NULL,'2018-01-21 18:57:25','2018-01-21 18:57:25',0,1),
	(4,'SilverStripe\\Versioned\\ChangeSet','2018-01-21 19:28:31','2018-01-21 19:28:31','Generated by publish of \'Tasks\' at Jan 21, 2018, 7:28:31 PM','published',1,NULL,'2018-01-21 19:28:31','2018-01-21 19:28:31',0,1),
	(5,'SilverStripe\\Versioned\\ChangeSet','2018-01-21 22:45:07','2018-01-21 22:45:07','Generated by publish of \'bmw g01 x3 bilder 1920x1200 5\' at Jan 21, 2018, 10:45:07 PM','published',1,NULL,'2018-01-21 22:45:07','2018-01-21 22:45:07',0,2),
	(6,'SilverStripe\\Versioned\\ChangeSet','2018-01-21 22:45:13','2018-01-21 22:45:12','Generated by publish of \'khai sze ong 308080\' at Jan 21, 2018, 10:45:12 PM','published',1,NULL,'2018-01-21 22:45:13','2018-01-21 22:45:13',0,2);

/*!40000 ALTER TABLE `ChangeSet` ENABLE KEYS */;
UNLOCK TABLES;


# Dump of table ChangeSetItem
# ------------------------------------------------------------

DROP TABLE IF EXISTS `ChangeSetItem`;

CREATE TABLE `ChangeSetItem` (
  `ID` int(11) NOT NULL AUTO_INCREMENT,
  `ClassName` enum('SilverStripe\\Versioned\\ChangeSetItem') DEFAULT 'SilverStripe\\Versioned\\ChangeSetItem',
  `LastEdited` datetime DEFAULT NULL,
  `Created` datetime DEFAULT NULL,
  `VersionBefore` int(11) NOT NULL DEFAULT 0,
  `VersionAfter` int(11) NOT NULL DEFAULT 0,
  `Added` enum('explicitly','implicitly') DEFAULT 'implicitly',
  `ChangeSetID` int(11) NOT NULL DEFAULT 0,
  `ObjectID` int(11) NOT NULL DEFAULT 0,
  `ObjectClass` enum('Slide','Task','TaskUser','SilverStripe\\Assets\\File','SilverStripe\\SiteConfig\\SiteConfig','SilverStripe\\Versioned\\ChangeSet','SilverStripe\\Versioned\\ChangeSetItem','SilverStripe\\CMS\\Model\\SiteTree','SilverStripe\\Security\\Group','SilverStripe\\Security\\LoginAttempt','SilverStripe\\Security\\Member','SilverStripe\\Security\\MemberPassword','SilverStripe\\Security\\Permission','SilverStripe\\Security\\PermissionRole','SilverStripe\\Security\\PermissionRoleCode','SilverStripe\\Security\\RememberLoginHash','SilverStripe\\Assets\\Folder','SilverStripe\\Assets\\Image','Page','HomePage','TaskPage','SilverStripe\\ErrorPage\\ErrorPage','SilverStripe\\CMS\\Model\\RedirectorPage','SilverStripe\\CMS\\Model\\VirtualPage') DEFAULT 'Slide',
  PRIMARY KEY (`ID`),
  UNIQUE KEY `ObjectUniquePerChangeSet` (`ObjectID`,`ObjectClass`,`ChangeSetID`),
  KEY `ClassName` (`ClassName`),
  KEY `ChangeSetID` (`ChangeSetID`),
  KEY `Object` (`ObjectID`,`ObjectClass`)
) ENGINE=InnoDB DEFAULT CHARSET=utf8;

LOCK TABLES `ChangeSetItem` WRITE;
/*!40000 ALTER TABLE `ChangeSetItem` DISABLE KEYS */;

INSERT INTO `ChangeSetItem` (`ID`, `ClassName`, `LastEdited`, `Created`, `VersionBefore`, `VersionAfter`, `Added`, `ChangeSetID`, `ObjectID`, `ObjectClass`)
VALUES
	(1,'SilverStripe\\Versioned\\ChangeSetItem','2018-01-21 18:13:22','2018-01-21 18:13:22',1,2,'explicitly',1,1,'SilverStripe\\CMS\\Model\\SiteTree'),
	(2,'SilverStripe\\Versioned\\ChangeSetItem','2018-01-21 18:57:18','2018-01-21 18:57:18',0,2,'explicitly',2,6,'SilverStripe\\CMS\\Model\\SiteTree'),
	(3,'SilverStripe\\Versioned\\ChangeSetItem','2018-01-21 18:57:25','2018-01-21 18:57:25',2,3,'explicitly',3,6,'SilverStripe\\CMS\\Model\\SiteTree'),
	(4,'SilverStripe\\Versioned\\ChangeSetItem','2018-01-21 19:28:31','2018-01-21 19:28:31',3,4,'explicitly',4,6,'SilverStripe\\CMS\\Model\\SiteTree'),
	(5,'SilverStripe\\Versioned\\ChangeSetItem','2018-01-21 22:45:07','2018-01-21 22:45:07',0,2,'explicitly',5,2,'SilverStripe\\Assets\\File'),
	(6,'SilverStripe\\Versioned\\ChangeSetItem','2018-01-21 22:45:13','2018-01-21 22:45:12',0,2,'explicitly',6,3,'SilverStripe\\Assets\\File');

/*!40000 ALTER TABLE `ChangeSetItem` ENABLE KEYS */;
UNLOCK TABLES;


# Dump of table ChangeSetItem_ReferencedBy
# ------------------------------------------------------------

DROP TABLE IF EXISTS `ChangeSetItem_ReferencedBy`;

CREATE TABLE `ChangeSetItem_ReferencedBy` (
  `ID` int(11) NOT NULL AUTO_INCREMENT,
  `ChangeSetItemID` int(11) NOT NULL DEFAULT 0,
  `ChildID` int(11) NOT NULL DEFAULT 0,
  PRIMARY KEY (`ID`),
  KEY `ChangeSetItemID` (`ChangeSetItemID`),
  KEY `ChildID` (`ChildID`)
) ENGINE=InnoDB DEFAULT CHARSET=utf8;



# Dump of table ErrorPage
# ------------------------------------------------------------

DROP TABLE IF EXISTS `ErrorPage`;

CREATE TABLE `ErrorPage` (
  `ID` int(11) NOT NULL AUTO_INCREMENT,
  `ErrorCode` int(11) NOT NULL DEFAULT 0,
  PRIMARY KEY (`ID`)
) ENGINE=InnoDB DEFAULT CHARSET=utf8;

LOCK TABLES `ErrorPage` WRITE;
/*!40000 ALTER TABLE `ErrorPage` DISABLE KEYS */;

INSERT INTO `ErrorPage` (`ID`, `ErrorCode`)
VALUES
	(4,404),
	(5,500);

/*!40000 ALTER TABLE `ErrorPage` ENABLE KEYS */;
UNLOCK TABLES;


# Dump of table ErrorPage_Live
# ------------------------------------------------------------

DROP TABLE IF EXISTS `ErrorPage_Live`;

CREATE TABLE `ErrorPage_Live` (
  `ID` int(11) NOT NULL AUTO_INCREMENT,
  `ErrorCode` int(11) NOT NULL DEFAULT 0,
  PRIMARY KEY (`ID`)
) ENGINE=InnoDB DEFAULT CHARSET=utf8;

LOCK TABLES `ErrorPage_Live` WRITE;
/*!40000 ALTER TABLE `ErrorPage_Live` DISABLE KEYS */;

INSERT INTO `ErrorPage_Live` (`ID`, `ErrorCode`)
VALUES
	(4,404),
	(5,500);

/*!40000 ALTER TABLE `ErrorPage_Live` ENABLE KEYS */;
UNLOCK TABLES;


# Dump of table ErrorPage_Versions
# ------------------------------------------------------------

DROP TABLE IF EXISTS `ErrorPage_Versions`;

CREATE TABLE `ErrorPage_Versions` (
  `ID` int(11) NOT NULL AUTO_INCREMENT,
  `RecordID` int(11) NOT NULL DEFAULT 0,
  `Version` int(11) NOT NULL DEFAULT 0,
  `ErrorCode` int(11) NOT NULL DEFAULT 0,
  PRIMARY KEY (`ID`),
  UNIQUE KEY `RecordID_Version` (`RecordID`,`Version`),
  KEY `RecordID` (`RecordID`),
  KEY `Version` (`Version`)
) ENGINE=InnoDB DEFAULT CHARSET=utf8;

LOCK TABLES `ErrorPage_Versions` WRITE;
/*!40000 ALTER TABLE `ErrorPage_Versions` DISABLE KEYS */;

INSERT INTO `ErrorPage_Versions` (`ID`, `RecordID`, `Version`, `ErrorCode`)
VALUES
	(1,4,1,404),
	(2,5,1,500);

/*!40000 ALTER TABLE `ErrorPage_Versions` ENABLE KEYS */;
UNLOCK TABLES;


# Dump of table File
# ------------------------------------------------------------

DROP TABLE IF EXISTS `File`;

CREATE TABLE `File` (
  `ID` int(11) NOT NULL AUTO_INCREMENT,
  `ClassName` enum('SilverStripe\\Assets\\File','SilverStripe\\Assets\\Folder','SilverStripe\\Assets\\Image') DEFAULT 'SilverStripe\\Assets\\File',
  `LastEdited` datetime DEFAULT NULL,
  `Created` datetime DEFAULT NULL,
  `Name` varchar(255) DEFAULT NULL,
  `Title` varchar(255) DEFAULT NULL,
  `ShowInSearch` tinyint(1) unsigned NOT NULL DEFAULT 1,
  `CanViewType` enum('Anyone','LoggedInUsers','OnlyTheseUsers','Inherit') DEFAULT 'Inherit',
  `CanEditType` enum('LoggedInUsers','OnlyTheseUsers','Inherit') DEFAULT 'Inherit',
  `Version` int(11) NOT NULL DEFAULT 0,
  `ParentID` int(11) NOT NULL DEFAULT 0,
  `OwnerID` int(11) NOT NULL DEFAULT 0,
  `FileHash` varchar(255) DEFAULT NULL,
  `FileFilename` varchar(255) DEFAULT NULL,
  `FileVariant` varchar(255) DEFAULT NULL,
  PRIMARY KEY (`ID`),
  KEY `ClassName` (`ClassName`),
  KEY `ParentID` (`ParentID`),
  KEY `OwnerID` (`OwnerID`)
) ENGINE=InnoDB DEFAULT CHARSET=utf8;

LOCK TABLES `File` WRITE;
/*!40000 ALTER TABLE `File` DISABLE KEYS */;

INSERT INTO `File` (`ID`, `ClassName`, `LastEdited`, `Created`, `Name`, `Title`, `ShowInSearch`, `CanViewType`, `CanEditType`, `Version`, `ParentID`, `OwnerID`, `FileHash`, `FileFilename`, `FileVariant`)
VALUES
	(1,'SilverStripe\\Assets\\Folder','2018-01-21 18:42:52','2018-01-21 18:42:52','Slides','Slides',1,'Inherit','Inherit',1,0,1,NULL,NULL,NULL),
	(2,'SilverStripe\\Assets\\Image','2018-01-21 22:45:07','2018-01-21 18:43:20','bmw-g01-x3-bilder-1920x1200-5.jpg','bmw g01 x3 bilder 1920x1200 5',1,'Inherit','Inherit',2,1,1,'ba26a5c4296be69faf9a1e9ee95f1bb52e9497e6','Slides/bmw-g01-x3-bilder-1920x1200-5.jpg',NULL),
	(3,'SilverStripe\\Assets\\Image','2018-01-21 22:45:13','2018-01-21 18:49:14','khai-sze-ong-308080.jpg','khai sze ong 308080',1,'Inherit','Inherit',2,1,1,'c6a05557dd1647bf2e7627933e59c59ece1f2405','Slides/khai-sze-ong-308080.jpg',NULL);

/*!40000 ALTER TABLE `File` ENABLE KEYS */;
UNLOCK TABLES;


# Dump of table File_EditorGroups
# ------------------------------------------------------------

DROP TABLE IF EXISTS `File_EditorGroups`;

CREATE TABLE `File_EditorGroups` (
  `ID` int(11) NOT NULL AUTO_INCREMENT,
  `FileID` int(11) NOT NULL DEFAULT 0,
  `GroupID` int(11) NOT NULL DEFAULT 0,
  PRIMARY KEY (`ID`),
  KEY `FileID` (`FileID`),
  KEY `GroupID` (`GroupID`)
) ENGINE=InnoDB DEFAULT CHARSET=utf8;



# Dump of table File_Live
# ------------------------------------------------------------

DROP TABLE IF EXISTS `File_Live`;

CREATE TABLE `File_Live` (
  `ID` int(11) NOT NULL AUTO_INCREMENT,
  `ClassName` enum('SilverStripe\\Assets\\File','SilverStripe\\Assets\\Folder','SilverStripe\\Assets\\Image') DEFAULT 'SilverStripe\\Assets\\File',
  `LastEdited` datetime DEFAULT NULL,
  `Created` datetime DEFAULT NULL,
  `Name` varchar(255) DEFAULT NULL,
  `Title` varchar(255) DEFAULT NULL,
  `ShowInSearch` tinyint(1) unsigned NOT NULL DEFAULT 1,
  `CanViewType` enum('Anyone','LoggedInUsers','OnlyTheseUsers','Inherit') DEFAULT 'Inherit',
  `CanEditType` enum('LoggedInUsers','OnlyTheseUsers','Inherit') DEFAULT 'Inherit',
  `Version` int(11) NOT NULL DEFAULT 0,
  `ParentID` int(11) NOT NULL DEFAULT 0,
  `OwnerID` int(11) NOT NULL DEFAULT 0,
  `FileHash` varchar(255) DEFAULT NULL,
  `FileFilename` varchar(255) DEFAULT NULL,
  `FileVariant` varchar(255) DEFAULT NULL,
  PRIMARY KEY (`ID`),
  KEY `ClassName` (`ClassName`),
  KEY `ParentID` (`ParentID`),
  KEY `OwnerID` (`OwnerID`)
) ENGINE=InnoDB DEFAULT CHARSET=utf8;

LOCK TABLES `File_Live` WRITE;
/*!40000 ALTER TABLE `File_Live` DISABLE KEYS */;

INSERT INTO `File_Live` (`ID`, `ClassName`, `LastEdited`, `Created`, `Name`, `Title`, `ShowInSearch`, `CanViewType`, `CanEditType`, `Version`, `ParentID`, `OwnerID`, `FileHash`, `FileFilename`, `FileVariant`)
VALUES
	(1,'SilverStripe\\Assets\\Folder','2018-01-21 18:42:52','2018-01-21 18:42:52','Slides','Slides',1,'Inherit','Inherit',1,0,1,NULL,NULL,NULL),
	(2,'SilverStripe\\Assets\\Image','2018-01-21 22:45:07','2018-01-21 18:43:20','bmw-g01-x3-bilder-1920x1200-5.jpg','bmw g01 x3 bilder 1920x1200 5',1,'Inherit','Inherit',2,1,1,'ba26a5c4296be69faf9a1e9ee95f1bb52e9497e6','Slides/bmw-g01-x3-bilder-1920x1200-5.jpg',NULL),
	(3,'SilverStripe\\Assets\\Image','2018-01-21 22:45:13','2018-01-21 18:49:14','khai-sze-ong-308080.jpg','khai sze ong 308080',1,'Inherit','Inherit',2,1,1,'c6a05557dd1647bf2e7627933e59c59ece1f2405','Slides/khai-sze-ong-308080.jpg',NULL);

/*!40000 ALTER TABLE `File_Live` ENABLE KEYS */;
UNLOCK TABLES;


# Dump of table File_Versions
# ------------------------------------------------------------

DROP TABLE IF EXISTS `File_Versions`;

CREATE TABLE `File_Versions` (
  `ID` int(11) NOT NULL AUTO_INCREMENT,
  `RecordID` int(11) NOT NULL DEFAULT 0,
  `Version` int(11) NOT NULL DEFAULT 0,
  `WasPublished` tinyint(1) unsigned NOT NULL DEFAULT 0,
  `AuthorID` int(11) NOT NULL DEFAULT 0,
  `PublisherID` int(11) NOT NULL DEFAULT 0,
  `ClassName` enum('SilverStripe\\Assets\\File','SilverStripe\\Assets\\Folder','SilverStripe\\Assets\\Image') DEFAULT 'SilverStripe\\Assets\\File',
  `LastEdited` datetime DEFAULT NULL,
  `Created` datetime DEFAULT NULL,
  `Name` varchar(255) DEFAULT NULL,
  `Title` varchar(255) DEFAULT NULL,
  `ShowInSearch` tinyint(1) unsigned NOT NULL DEFAULT 1,
  `CanViewType` enum('Anyone','LoggedInUsers','OnlyTheseUsers','Inherit') DEFAULT 'Inherit',
  `CanEditType` enum('LoggedInUsers','OnlyTheseUsers','Inherit') DEFAULT 'Inherit',
  `ParentID` int(11) NOT NULL DEFAULT 0,
  `OwnerID` int(11) NOT NULL DEFAULT 0,
  `FileHash` varchar(255) DEFAULT NULL,
  `FileFilename` varchar(255) DEFAULT NULL,
  `FileVariant` varchar(255) DEFAULT NULL,
  PRIMARY KEY (`ID`),
  KEY `RecordID_Version` (`RecordID`,`Version`),
  KEY `RecordID` (`RecordID`),
  KEY `Version` (`Version`),
  KEY `AuthorID` (`AuthorID`),
  KEY `PublisherID` (`PublisherID`),
  KEY `ClassName` (`ClassName`),
  KEY `ParentID` (`ParentID`),
  KEY `OwnerID` (`OwnerID`)
) ENGINE=InnoDB DEFAULT CHARSET=utf8;

LOCK TABLES `File_Versions` WRITE;
/*!40000 ALTER TABLE `File_Versions` DISABLE KEYS */;

INSERT INTO `File_Versions` (`ID`, `RecordID`, `Version`, `WasPublished`, `AuthorID`, `PublisherID`, `ClassName`, `LastEdited`, `Created`, `Name`, `Title`, `ShowInSearch`, `CanViewType`, `CanEditType`, `ParentID`, `OwnerID`, `FileHash`, `FileFilename`, `FileVariant`)
VALUES
	(1,1,1,1,1,1,'SilverStripe\\Assets\\Folder','2018-01-21 18:42:52','2018-01-21 18:42:52','Slides','Slides',1,'Inherit','Inherit',0,1,NULL,NULL,NULL),
	(2,2,1,0,1,0,'SilverStripe\\Assets\\Image','2018-01-21 18:43:20','2018-01-21 18:43:20','bmw-g01-x3-bilder-1920x1200-5.jpg','bmw g01 x3 bilder 1920x1200 5',1,'Inherit','Inherit',1,1,'ba26a5c4296be69faf9a1e9ee95f1bb52e9497e6','Slides/bmw-g01-x3-bilder-1920x1200-5.jpg',NULL),
	(3,3,1,0,1,0,'SilverStripe\\Assets\\Image','2018-01-21 18:49:14','2018-01-21 18:49:14','khai-sze-ong-308080.jpg','khai sze ong 308080',1,'Inherit','Inherit',1,1,'c6a05557dd1647bf2e7627933e59c59ece1f2405','Slides/khai-sze-ong-308080.jpg',NULL),
	(4,2,2,1,2,2,'SilverStripe\\Assets\\Image','2018-01-21 22:45:07','2018-01-21 18:43:20','bmw-g01-x3-bilder-1920x1200-5.jpg','bmw g01 x3 bilder 1920x1200 5',1,'Inherit','Inherit',1,1,'ba26a5c4296be69faf9a1e9ee95f1bb52e9497e6','Slides/bmw-g01-x3-bilder-1920x1200-5.jpg',NULL),
	(5,3,2,1,2,2,'SilverStripe\\Assets\\Image','2018-01-21 22:45:12','2018-01-21 18:49:14','khai-sze-ong-308080.jpg','khai sze ong 308080',1,'Inherit','Inherit',1,1,'c6a05557dd1647bf2e7627933e59c59ece1f2405','Slides/khai-sze-ong-308080.jpg',NULL);

/*!40000 ALTER TABLE `File_Versions` ENABLE KEYS */;
UNLOCK TABLES;


# Dump of table File_ViewerGroups
# ------------------------------------------------------------

DROP TABLE IF EXISTS `File_ViewerGroups`;

CREATE TABLE `File_ViewerGroups` (
  `ID` int(11) NOT NULL AUTO_INCREMENT,
  `FileID` int(11) NOT NULL DEFAULT 0,
  `GroupID` int(11) NOT NULL DEFAULT 0,
  PRIMARY KEY (`ID`),
  KEY `FileID` (`FileID`),
  KEY `GroupID` (`GroupID`)
) ENGINE=InnoDB DEFAULT CHARSET=utf8;



# Dump of table Group
# ------------------------------------------------------------

DROP TABLE IF EXISTS `Group`;

CREATE TABLE `Group` (
  `ID` int(11) NOT NULL AUTO_INCREMENT,
  `ClassName` enum('SilverStripe\\Security\\Group') DEFAULT 'SilverStripe\\Security\\Group',
  `LastEdited` datetime DEFAULT NULL,
  `Created` datetime DEFAULT NULL,
  `Title` varchar(255) DEFAULT NULL,
  `Description` mediumtext DEFAULT NULL,
  `Code` varchar(255) DEFAULT NULL,
  `Locked` tinyint(1) unsigned NOT NULL DEFAULT 0,
  `Sort` int(11) NOT NULL DEFAULT 0,
  `HtmlEditorConfig` mediumtext DEFAULT NULL,
  `ParentID` int(11) NOT NULL DEFAULT 0,
  PRIMARY KEY (`ID`),
  KEY `ClassName` (`ClassName`),
  KEY `ParentID` (`ParentID`)
) ENGINE=InnoDB DEFAULT CHARSET=utf8;

LOCK TABLES `Group` WRITE;
/*!40000 ALTER TABLE `Group` DISABLE KEYS */;

INSERT INTO `Group` (`ID`, `ClassName`, `LastEdited`, `Created`, `Title`, `Description`, `Code`, `Locked`, `Sort`, `HtmlEditorConfig`, `ParentID`)
VALUES
	(1,'SilverStripe\\Security\\Group','2018-01-21 17:50:23','2018-01-21 17:50:23','Content Authors',NULL,'content-authors',0,1,NULL,0),
	(2,'SilverStripe\\Security\\Group','2018-01-21 17:50:23','2018-01-21 17:50:23','Administrators',NULL,'administrators',0,0,NULL,0);

/*!40000 ALTER TABLE `Group` ENABLE KEYS */;
UNLOCK TABLES;


# Dump of table Group_Members
# ------------------------------------------------------------

DROP TABLE IF EXISTS `Group_Members`;

CREATE TABLE `Group_Members` (
  `ID` int(11) NOT NULL AUTO_INCREMENT,
  `GroupID` int(11) NOT NULL DEFAULT 0,
  `MemberID` int(11) NOT NULL DEFAULT 0,
  PRIMARY KEY (`ID`),
  KEY `GroupID` (`GroupID`),
  KEY `MemberID` (`MemberID`)
) ENGINE=InnoDB DEFAULT CHARSET=utf8;

LOCK TABLES `Group_Members` WRITE;
/*!40000 ALTER TABLE `Group_Members` DISABLE KEYS */;

INSERT INTO `Group_Members` (`ID`, `GroupID`, `MemberID`)
VALUES
	(1,2,1),
	(2,2,2);

/*!40000 ALTER TABLE `Group_Members` ENABLE KEYS */;
UNLOCK TABLES;


# Dump of table Group_Roles
# ------------------------------------------------------------

DROP TABLE IF EXISTS `Group_Roles`;

CREATE TABLE `Group_Roles` (
  `ID` int(11) NOT NULL AUTO_INCREMENT,
  `GroupID` int(11) NOT NULL DEFAULT 0,
  `PermissionRoleID` int(11) NOT NULL DEFAULT 0,
  PRIMARY KEY (`ID`),
  KEY `GroupID` (`GroupID`),
  KEY `PermissionRoleID` (`PermissionRoleID`)
) ENGINE=InnoDB DEFAULT CHARSET=utf8;



# Dump of table LoginAttempt
# ------------------------------------------------------------

DROP TABLE IF EXISTS `LoginAttempt`;

CREATE TABLE `LoginAttempt` (
  `ID` int(11) NOT NULL AUTO_INCREMENT,
  `ClassName` enum('SilverStripe\\Security\\LoginAttempt') DEFAULT 'SilverStripe\\Security\\LoginAttempt',
  `LastEdited` datetime DEFAULT NULL,
  `Created` datetime DEFAULT NULL,
  `Email` varchar(255) DEFAULT NULL,
  `EmailHashed` varchar(255) DEFAULT NULL,
  `Status` enum('Success','Failure') DEFAULT 'Success',
  `IP` varchar(255) DEFAULT NULL,
  `MemberID` int(11) NOT NULL DEFAULT 0,
  PRIMARY KEY (`ID`),
  KEY `ClassName` (`ClassName`),
  KEY `MemberID` (`MemberID`)
) ENGINE=InnoDB DEFAULT CHARSET=utf8;



# Dump of table Member
# ------------------------------------------------------------

DROP TABLE IF EXISTS `Member`;

CREATE TABLE `Member` (
  `ID` int(11) NOT NULL AUTO_INCREMENT,
  `ClassName` enum('SilverStripe\\Security\\Member') DEFAULT 'SilverStripe\\Security\\Member',
  `LastEdited` datetime DEFAULT NULL,
  `Created` datetime DEFAULT NULL,
  `FirstName` varchar(255) DEFAULT NULL,
  `Surname` varchar(255) DEFAULT NULL,
  `Email` varchar(254) DEFAULT NULL,
  `TempIDHash` varchar(160) DEFAULT NULL,
  `TempIDExpired` datetime DEFAULT NULL,
  `Password` varchar(160) DEFAULT NULL,
  `AutoLoginHash` varchar(160) DEFAULT NULL,
  `AutoLoginExpired` datetime DEFAULT NULL,
  `PasswordEncryption` varchar(50) DEFAULT NULL,
  `Salt` varchar(50) DEFAULT NULL,
  `PasswordExpiry` date DEFAULT NULL,
  `LockedOutUntil` datetime DEFAULT NULL,
  `Locale` varchar(6) DEFAULT NULL,
  `FailedLoginCount` int(11) NOT NULL DEFAULT 0,
  PRIMARY KEY (`ID`),
  KEY `ClassName` (`ClassName`),
  KEY `Email` (`Email`)
) ENGINE=InnoDB DEFAULT CHARSET=utf8;

LOCK TABLES `Member` WRITE;
/*!40000 ALTER TABLE `Member` DISABLE KEYS */;

INSERT INTO `Member` (`ID`, `ClassName`, `LastEdited`, `Created`, `FirstName`, `Surname`, `Email`, `TempIDHash`, `TempIDExpired`, `Password`, `AutoLoginHash`, `AutoLoginExpired`, `PasswordEncryption`, `Salt`, `PasswordExpiry`, `LockedOutUntil`, `Locale`, `FailedLoginCount`)
VALUES
	(1,'SilverStripe\\Security\\Member','2018-01-21 22:38:44','2018-01-21 17:50:24','Ryan',NULL,'ryan@beyondusability.pro','ce53124f4d56df4737f33d46a16e3acaecaec199','2018-01-24 17:50:41','$2y$10$015b72d93648ad103a71aucvNePQMV8AHWBp.GM344vsySuNgMXvi',NULL,NULL,'blowfish','10$015b72d93648ad103a71a2',NULL,NULL,'en_US',0),
	(2,'SilverStripe\\Security\\Member','2018-01-21 22:42:55','2018-01-21 22:39:40','Admin',NULL,'admin','b3004de8b60c3adac319e645b97d29808d0e76a1','2018-01-24 22:42:55','$2y$10$f2f5188a11bd65669a894eMXHexVIWt9QDFByEEdVd5EBc0cjZ4QO',NULL,NULL,'blowfish','10$f2f5188a11bd65669a894f',NULL,NULL,'en_US',0);

/*!40000 ALTER TABLE `Member` ENABLE KEYS */;
UNLOCK TABLES;


# Dump of table MemberPassword
# ------------------------------------------------------------

DROP TABLE IF EXISTS `MemberPassword`;

CREATE TABLE `MemberPassword` (
  `ID` int(11) NOT NULL AUTO_INCREMENT,
  `ClassName` enum('SilverStripe\\Security\\MemberPassword') DEFAULT 'SilverStripe\\Security\\MemberPassword',
  `LastEdited` datetime DEFAULT NULL,
  `Created` datetime DEFAULT NULL,
  `Password` varchar(160) DEFAULT NULL,
  `Salt` varchar(50) DEFAULT NULL,
  `PasswordEncryption` varchar(50) DEFAULT NULL,
  `MemberID` int(11) NOT NULL DEFAULT 0,
  PRIMARY KEY (`ID`),
  KEY `ClassName` (`ClassName`),
  KEY `MemberID` (`MemberID`)
) ENGINE=InnoDB DEFAULT CHARSET=utf8;

LOCK TABLES `MemberPassword` WRITE;
/*!40000 ALTER TABLE `MemberPassword` DISABLE KEYS */;

INSERT INTO `MemberPassword` (`ID`, `ClassName`, `LastEdited`, `Created`, `Password`, `Salt`, `PasswordEncryption`, `MemberID`)
VALUES
	(1,'SilverStripe\\Security\\MemberPassword','2018-01-21 17:50:24','2018-01-21 17:50:24','$2y$10$015b72d93648ad103a71aucvNePQMV8AHWBp.GM344vsySuNgMXvi','10$015b72d93648ad103a71a2','blowfish',1),
	(2,'SilverStripe\\Security\\MemberPassword','2018-01-21 22:39:40','2018-01-21 22:39:40','$2y$10$f2f5188a11bd65669a894eMXHexVIWt9QDFByEEdVd5EBc0cjZ4QO','10$f2f5188a11bd65669a894f','blowfish',2);

/*!40000 ALTER TABLE `MemberPassword` ENABLE KEYS */;
UNLOCK TABLES;


# Dump of table Permission
# ------------------------------------------------------------

DROP TABLE IF EXISTS `Permission`;

CREATE TABLE `Permission` (
  `ID` int(11) NOT NULL AUTO_INCREMENT,
  `ClassName` enum('SilverStripe\\Security\\Permission') DEFAULT 'SilverStripe\\Security\\Permission',
  `LastEdited` datetime DEFAULT NULL,
  `Created` datetime DEFAULT NULL,
  `Code` varchar(255) DEFAULT NULL,
  `Arg` int(11) NOT NULL DEFAULT 0,
  `Type` int(11) NOT NULL DEFAULT 1,
  `GroupID` int(11) NOT NULL DEFAULT 0,
  PRIMARY KEY (`ID`),
  KEY `ClassName` (`ClassName`),
  KEY `GroupID` (`GroupID`),
  KEY `Code` (`Code`)
) ENGINE=InnoDB DEFAULT CHARSET=utf8;

LOCK TABLES `Permission` WRITE;
/*!40000 ALTER TABLE `Permission` DISABLE KEYS */;

INSERT INTO `Permission` (`ID`, `ClassName`, `LastEdited`, `Created`, `Code`, `Arg`, `Type`, `GroupID`)
VALUES
	(1,'SilverStripe\\Security\\Permission','2018-01-21 17:50:23','2018-01-21 17:50:23','CMS_ACCESS_CMSMain',0,1,1),
	(2,'SilverStripe\\Security\\Permission','2018-01-21 17:50:23','2018-01-21 17:50:23','CMS_ACCESS_AssetAdmin',0,1,1),
	(3,'SilverStripe\\Security\\Permission','2018-01-21 17:50:23','2018-01-21 17:50:23','CMS_ACCESS_ReportAdmin',0,1,1),
	(4,'SilverStripe\\Security\\Permission','2018-01-21 17:50:23','2018-01-21 17:50:23','SITETREE_REORGANISE',0,1,1),
	(5,'SilverStripe\\Security\\Permission','2018-01-21 17:50:23','2018-01-21 17:50:23','ADMIN',0,1,2);

/*!40000 ALTER TABLE `Permission` ENABLE KEYS */;
UNLOCK TABLES;


# Dump of table PermissionRole
# ------------------------------------------------------------

DROP TABLE IF EXISTS `PermissionRole`;

CREATE TABLE `PermissionRole` (
  `ID` int(11) NOT NULL AUTO_INCREMENT,
  `ClassName` enum('SilverStripe\\Security\\PermissionRole') DEFAULT 'SilverStripe\\Security\\PermissionRole',
  `LastEdited` datetime DEFAULT NULL,
  `Created` datetime DEFAULT NULL,
  `Title` varchar(255) DEFAULT NULL,
  `OnlyAdminCanApply` tinyint(1) unsigned NOT NULL DEFAULT 0,
  PRIMARY KEY (`ID`),
  KEY `ClassName` (`ClassName`)
) ENGINE=InnoDB DEFAULT CHARSET=utf8;



# Dump of table PermissionRoleCode
# ------------------------------------------------------------

DROP TABLE IF EXISTS `PermissionRoleCode`;

CREATE TABLE `PermissionRoleCode` (
  `ID` int(11) NOT NULL AUTO_INCREMENT,
  `ClassName` enum('SilverStripe\\Security\\PermissionRoleCode') DEFAULT 'SilverStripe\\Security\\PermissionRoleCode',
  `LastEdited` datetime DEFAULT NULL,
  `Created` datetime DEFAULT NULL,
  `Code` varchar(255) DEFAULT NULL,
  `RoleID` int(11) NOT NULL DEFAULT 0,
  PRIMARY KEY (`ID`),
  KEY `ClassName` (`ClassName`),
  KEY `RoleID` (`RoleID`)
) ENGINE=InnoDB DEFAULT CHARSET=utf8;



# Dump of table RedirectorPage
# ------------------------------------------------------------

DROP TABLE IF EXISTS `RedirectorPage`;

CREATE TABLE `RedirectorPage` (
  `ID` int(11) NOT NULL AUTO_INCREMENT,
  `RedirectionType` enum('Internal','External') DEFAULT 'Internal',
  `ExternalURL` varchar(2083) DEFAULT NULL,
  `LinkToID` int(11) NOT NULL DEFAULT 0,
  PRIMARY KEY (`ID`),
  KEY `LinkToID` (`LinkToID`)
) ENGINE=InnoDB DEFAULT CHARSET=utf8;



# Dump of table RedirectorPage_Live
# ------------------------------------------------------------

DROP TABLE IF EXISTS `RedirectorPage_Live`;

CREATE TABLE `RedirectorPage_Live` (
  `ID` int(11) NOT NULL AUTO_INCREMENT,
  `RedirectionType` enum('Internal','External') DEFAULT 'Internal',
  `ExternalURL` varchar(2083) DEFAULT NULL,
  `LinkToID` int(11) NOT NULL DEFAULT 0,
  PRIMARY KEY (`ID`),
  KEY `LinkToID` (`LinkToID`)
) ENGINE=InnoDB DEFAULT CHARSET=utf8;



# Dump of table RedirectorPage_Versions
# ------------------------------------------------------------

DROP TABLE IF EXISTS `RedirectorPage_Versions`;

CREATE TABLE `RedirectorPage_Versions` (
  `ID` int(11) NOT NULL AUTO_INCREMENT,
  `RecordID` int(11) NOT NULL DEFAULT 0,
  `Version` int(11) NOT NULL DEFAULT 0,
  `RedirectionType` enum('Internal','External') DEFAULT 'Internal',
  `ExternalURL` varchar(2083) DEFAULT NULL,
  `LinkToID` int(11) NOT NULL DEFAULT 0,
  PRIMARY KEY (`ID`),
  UNIQUE KEY `RecordID_Version` (`RecordID`,`Version`),
  KEY `RecordID` (`RecordID`),
  KEY `Version` (`Version`),
  KEY `LinkToID` (`LinkToID`)
) ENGINE=InnoDB DEFAULT CHARSET=utf8;



# Dump of table RememberLoginHash
# ------------------------------------------------------------

DROP TABLE IF EXISTS `RememberLoginHash`;

CREATE TABLE `RememberLoginHash` (
  `ID` int(11) NOT NULL AUTO_INCREMENT,
  `ClassName` enum('SilverStripe\\Security\\RememberLoginHash') DEFAULT 'SilverStripe\\Security\\RememberLoginHash',
  `LastEdited` datetime DEFAULT NULL,
  `Created` datetime DEFAULT NULL,
  `DeviceID` varchar(40) DEFAULT NULL,
  `Hash` varchar(160) DEFAULT NULL,
  `ExpiryDate` datetime DEFAULT NULL,
  `MemberID` int(11) NOT NULL DEFAULT 0,
  PRIMARY KEY (`ID`),
  KEY `ClassName` (`ClassName`),
  KEY `MemberID` (`MemberID`),
  KEY `DeviceID` (`DeviceID`),
  KEY `Hash` (`Hash`)
) ENGINE=InnoDB DEFAULT CHARSET=utf8;



# Dump of table SiteConfig
# ------------------------------------------------------------

DROP TABLE IF EXISTS `SiteConfig`;

CREATE TABLE `SiteConfig` (
  `ID` int(11) NOT NULL AUTO_INCREMENT,
  `ClassName` enum('SilverStripe\\SiteConfig\\SiteConfig') DEFAULT 'SilverStripe\\SiteConfig\\SiteConfig',
  `LastEdited` datetime DEFAULT NULL,
  `Created` datetime DEFAULT NULL,
  `Title` varchar(255) DEFAULT NULL,
  `Tagline` varchar(255) DEFAULT NULL,
  `CanViewType` enum('Anyone','LoggedInUsers','OnlyTheseUsers') DEFAULT 'Anyone',
  `CanEditType` enum('LoggedInUsers','OnlyTheseUsers') DEFAULT 'LoggedInUsers',
  `CanCreateTopLevelType` enum('LoggedInUsers','OnlyTheseUsers') DEFAULT 'LoggedInUsers',
  PRIMARY KEY (`ID`),
  KEY `ClassName` (`ClassName`)
) ENGINE=InnoDB DEFAULT CHARSET=utf8;

LOCK TABLES `SiteConfig` WRITE;
/*!40000 ALTER TABLE `SiteConfig` DISABLE KEYS */;

INSERT INTO `SiteConfig` (`ID`, `ClassName`, `LastEdited`, `Created`, `Title`, `Tagline`, `CanViewType`, `CanEditType`, `CanCreateTopLevelType`)
VALUES
	(1,'SilverStripe\\SiteConfig\\SiteConfig','2018-01-21 17:50:23','2018-01-21 17:50:23','Your Site Name','your tagline here','Anyone','LoggedInUsers','LoggedInUsers');

/*!40000 ALTER TABLE `SiteConfig` ENABLE KEYS */;
UNLOCK TABLES;


# Dump of table SiteConfig_CreateTopLevelGroups
# ------------------------------------------------------------

DROP TABLE IF EXISTS `SiteConfig_CreateTopLevelGroups`;

CREATE TABLE `SiteConfig_CreateTopLevelGroups` (
  `ID` int(11) NOT NULL AUTO_INCREMENT,
  `SiteConfigID` int(11) NOT NULL DEFAULT 0,
  `GroupID` int(11) NOT NULL DEFAULT 0,
  PRIMARY KEY (`ID`),
  KEY `SiteConfigID` (`SiteConfigID`),
  KEY `GroupID` (`GroupID`)
) ENGINE=InnoDB DEFAULT CHARSET=utf8;



# Dump of table SiteConfig_EditorGroups
# ------------------------------------------------------------

DROP TABLE IF EXISTS `SiteConfig_EditorGroups`;

CREATE TABLE `SiteConfig_EditorGroups` (
  `ID` int(11) NOT NULL AUTO_INCREMENT,
  `SiteConfigID` int(11) NOT NULL DEFAULT 0,
  `GroupID` int(11) NOT NULL DEFAULT 0,
  PRIMARY KEY (`ID`),
  KEY `SiteConfigID` (`SiteConfigID`),
  KEY `GroupID` (`GroupID`)
) ENGINE=InnoDB DEFAULT CHARSET=utf8;



# Dump of table SiteConfig_ViewerGroups
# ------------------------------------------------------------

DROP TABLE IF EXISTS `SiteConfig_ViewerGroups`;

CREATE TABLE `SiteConfig_ViewerGroups` (
  `ID` int(11) NOT NULL AUTO_INCREMENT,
  `SiteConfigID` int(11) NOT NULL DEFAULT 0,
  `GroupID` int(11) NOT NULL DEFAULT 0,
  PRIMARY KEY (`ID`),
  KEY `SiteConfigID` (`SiteConfigID`),
  KEY `GroupID` (`GroupID`)
) ENGINE=InnoDB DEFAULT CHARSET=utf8;



# Dump of table SiteTree
# ------------------------------------------------------------

DROP TABLE IF EXISTS `SiteTree`;

CREATE TABLE `SiteTree` (
  `ID` int(11) NOT NULL AUTO_INCREMENT,
  `ClassName` enum('SilverStripe\\CMS\\Model\\SiteTree','Page','HomePage','TaskPage','SilverStripe\\ErrorPage\\ErrorPage','SilverStripe\\CMS\\Model\\RedirectorPage','SilverStripe\\CMS\\Model\\VirtualPage') DEFAULT 'Page',
  `LastEdited` datetime DEFAULT NULL,
  `Created` datetime DEFAULT NULL,
  `URLSegment` varchar(255) DEFAULT NULL,
  `Title` varchar(255) DEFAULT NULL,
  `MenuTitle` varchar(100) DEFAULT NULL,
  `Content` mediumtext DEFAULT NULL,
  `MetaDescription` mediumtext DEFAULT NULL,
  `ExtraMeta` mediumtext DEFAULT NULL,
  `ShowInMenus` tinyint(1) unsigned NOT NULL DEFAULT 0,
  `ShowInSearch` tinyint(1) unsigned NOT NULL DEFAULT 0,
  `Sort` int(11) NOT NULL DEFAULT 0,
  `HasBrokenFile` tinyint(1) unsigned NOT NULL DEFAULT 0,
  `HasBrokenLink` tinyint(1) unsigned NOT NULL DEFAULT 0,
  `ReportClass` varchar(255) DEFAULT NULL,
  `Version` int(11) NOT NULL DEFAULT 0,
  `CanViewType` enum('Anyone','LoggedInUsers','OnlyTheseUsers','Inherit') DEFAULT 'Inherit',
  `CanEditType` enum('LoggedInUsers','OnlyTheseUsers','Inherit') DEFAULT 'Inherit',
  `ParentID` int(11) NOT NULL DEFAULT 0,
  PRIMARY KEY (`ID`),
  KEY `ClassName` (`ClassName`),
  KEY `ParentID` (`ParentID`),
  KEY `URLSegment` (`URLSegment`)
) ENGINE=InnoDB DEFAULT CHARSET=utf8;

LOCK TABLES `SiteTree` WRITE;
/*!40000 ALTER TABLE `SiteTree` DISABLE KEYS */;

INSERT INTO `SiteTree` (`ID`, `ClassName`, `LastEdited`, `Created`, `URLSegment`, `Title`, `MenuTitle`, `Content`, `MetaDescription`, `ExtraMeta`, `ShowInMenus`, `ShowInSearch`, `Sort`, `HasBrokenFile`, `HasBrokenLink`, `ReportClass`, `Version`, `CanViewType`, `CanEditType`, `ParentID`)
VALUES
	(1,'HomePage','2018-01-21 18:13:22','2018-01-21 17:50:23','home','Home',NULL,'<p>Welcome to SilverStripe! This is the default homepage. You can edit this page by opening <a href=\"admin/\">the CMS</a>.</p><p>You can now access the <a href=\"http://docs.silverstripe.org\">developer documentation</a>, or begin the <a href=\"http://www.silverstripe.org/learn/lessons\">SilverStripe lessons</a>.</p>',NULL,NULL,1,1,1,0,0,NULL,2,'Inherit','Inherit',0),
	(2,'Page','2018-01-21 17:50:23','2018-01-21 17:50:23','about-us','About Us',NULL,'<p>You can fill this page out with your own content, or delete it and create your own pages.</p>',NULL,NULL,1,1,2,0,0,NULL,1,'Inherit','Inherit',0),
	(3,'Page','2018-01-21 17:50:23','2018-01-21 17:50:23','contact-us','Contact Us',NULL,'<p>You can fill this page out with your own content, or delete it and create your own pages.</p>',NULL,NULL,1,1,3,0,0,NULL,1,'Inherit','Inherit',0),
	(4,'SilverStripe\\ErrorPage\\ErrorPage','2018-01-21 17:50:23','2018-01-21 17:50:23','page-not-found','Page not found',NULL,'<p>Sorry, it seems you were trying to access a page that doesn\'t exist.</p><p>Please check the spelling of the URL you were trying to access and try again.</p>',NULL,NULL,0,0,5,0,0,NULL,1,'Inherit','Inherit',0),
	(5,'SilverStripe\\ErrorPage\\ErrorPage','2018-01-21 17:50:23','2018-01-21 17:50:23','server-error','Server error',NULL,'<p>Sorry, there was a problem with handling your request.</p>',NULL,NULL,0,0,6,0,0,NULL,1,'Inherit','Inherit',0),
	(6,'TaskPage','2018-01-21 19:28:31','2018-01-21 18:57:11','tasks','Tasks',NULL,NULL,NULL,NULL,1,1,4,0,0,NULL,4,'Inherit','Inherit',0);

/*!40000 ALTER TABLE `SiteTree` ENABLE KEYS */;
UNLOCK TABLES;


# Dump of table SiteTree_EditorGroups
# ------------------------------------------------------------

DROP TABLE IF EXISTS `SiteTree_EditorGroups`;

CREATE TABLE `SiteTree_EditorGroups` (
  `ID` int(11) NOT NULL AUTO_INCREMENT,
  `SiteTreeID` int(11) NOT NULL DEFAULT 0,
  `GroupID` int(11) NOT NULL DEFAULT 0,
  PRIMARY KEY (`ID`),
  KEY `SiteTreeID` (`SiteTreeID`),
  KEY `GroupID` (`GroupID`)
) ENGINE=InnoDB DEFAULT CHARSET=utf8;



# Dump of table SiteTree_ImageTracking
# ------------------------------------------------------------

DROP TABLE IF EXISTS `SiteTree_ImageTracking`;

CREATE TABLE `SiteTree_ImageTracking` (
  `ID` int(11) NOT NULL AUTO_INCREMENT,
  `SiteTreeID` int(11) NOT NULL DEFAULT 0,
  `FileID` int(11) NOT NULL DEFAULT 0,
  `FieldName` varchar(255) DEFAULT NULL,
  PRIMARY KEY (`ID`),
  KEY `SiteTreeID` (`SiteTreeID`),
  KEY `FileID` (`FileID`)
) ENGINE=InnoDB DEFAULT CHARSET=utf8;



# Dump of table SiteTree_LinkTracking
# ------------------------------------------------------------

DROP TABLE IF EXISTS `SiteTree_LinkTracking`;

CREATE TABLE `SiteTree_LinkTracking` (
  `ID` int(11) NOT NULL AUTO_INCREMENT,
  `SiteTreeID` int(11) NOT NULL DEFAULT 0,
  `ChildID` int(11) NOT NULL DEFAULT 0,
  `FieldName` varchar(255) DEFAULT NULL,
  PRIMARY KEY (`ID`),
  KEY `SiteTreeID` (`SiteTreeID`),
  KEY `ChildID` (`ChildID`)
) ENGINE=InnoDB DEFAULT CHARSET=utf8;



# Dump of table SiteTree_Live
# ------------------------------------------------------------

DROP TABLE IF EXISTS `SiteTree_Live`;

CREATE TABLE `SiteTree_Live` (
  `ID` int(11) NOT NULL AUTO_INCREMENT,
  `ClassName` enum('SilverStripe\\CMS\\Model\\SiteTree','Page','HomePage','TaskPage','SilverStripe\\ErrorPage\\ErrorPage','SilverStripe\\CMS\\Model\\RedirectorPage','SilverStripe\\CMS\\Model\\VirtualPage') DEFAULT 'Page',
  `LastEdited` datetime DEFAULT NULL,
  `Created` datetime DEFAULT NULL,
  `URLSegment` varchar(255) DEFAULT NULL,
  `Title` varchar(255) DEFAULT NULL,
  `MenuTitle` varchar(100) DEFAULT NULL,
  `Content` mediumtext DEFAULT NULL,
  `MetaDescription` mediumtext DEFAULT NULL,
  `ExtraMeta` mediumtext DEFAULT NULL,
  `ShowInMenus` tinyint(1) unsigned NOT NULL DEFAULT 0,
  `ShowInSearch` tinyint(1) unsigned NOT NULL DEFAULT 0,
  `Sort` int(11) NOT NULL DEFAULT 0,
  `HasBrokenFile` tinyint(1) unsigned NOT NULL DEFAULT 0,
  `HasBrokenLink` tinyint(1) unsigned NOT NULL DEFAULT 0,
  `ReportClass` varchar(255) DEFAULT NULL,
  `Version` int(11) NOT NULL DEFAULT 0,
  `CanViewType` enum('Anyone','LoggedInUsers','OnlyTheseUsers','Inherit') DEFAULT 'Inherit',
  `CanEditType` enum('LoggedInUsers','OnlyTheseUsers','Inherit') DEFAULT 'Inherit',
  `ParentID` int(11) NOT NULL DEFAULT 0,
  PRIMARY KEY (`ID`),
  KEY `ClassName` (`ClassName`),
  KEY `ParentID` (`ParentID`),
  KEY `URLSegment` (`URLSegment`)
) ENGINE=InnoDB DEFAULT CHARSET=utf8;

LOCK TABLES `SiteTree_Live` WRITE;
/*!40000 ALTER TABLE `SiteTree_Live` DISABLE KEYS */;

INSERT INTO `SiteTree_Live` (`ID`, `ClassName`, `LastEdited`, `Created`, `URLSegment`, `Title`, `MenuTitle`, `Content`, `MetaDescription`, `ExtraMeta`, `ShowInMenus`, `ShowInSearch`, `Sort`, `HasBrokenFile`, `HasBrokenLink`, `ReportClass`, `Version`, `CanViewType`, `CanEditType`, `ParentID`)
VALUES
	(1,'HomePage','2018-01-21 18:13:22','2018-01-21 17:50:23','home','Home',NULL,'<p>Welcome to SilverStripe! This is the default homepage. You can edit this page by opening <a href=\"admin/\">the CMS</a>.</p><p>You can now access the <a href=\"http://docs.silverstripe.org\">developer documentation</a>, or begin the <a href=\"http://www.silverstripe.org/learn/lessons\">SilverStripe lessons</a>.</p>',NULL,NULL,1,1,1,0,0,NULL,2,'Inherit','Inherit',0),
	(2,'Page','2018-01-21 17:50:23','2018-01-21 17:50:23','about-us','About Us',NULL,'<p>You can fill this page out with your own content, or delete it and create your own pages.</p>',NULL,NULL,1,1,2,0,0,NULL,1,'Inherit','Inherit',0),
	(3,'Page','2018-01-21 17:50:23','2018-01-21 17:50:23','contact-us','Contact Us',NULL,'<p>You can fill this page out with your own content, or delete it and create your own pages.</p>',NULL,NULL,1,1,3,0,0,NULL,1,'Inherit','Inherit',0),
	(4,'SilverStripe\\ErrorPage\\ErrorPage','2018-01-21 17:50:23','2018-01-21 17:50:23','page-not-found','Page not found',NULL,'<p>Sorry, it seems you were trying to access a page that doesn\'t exist.</p><p>Please check the spelling of the URL you were trying to access and try again.</p>',NULL,NULL,0,0,5,0,0,NULL,1,'Inherit','Inherit',0),
	(5,'SilverStripe\\ErrorPage\\ErrorPage','2018-01-21 17:50:23','2018-01-21 17:50:23','server-error','Server error',NULL,'<p>Sorry, there was a problem with handling your request.</p>',NULL,NULL,0,0,6,0,0,NULL,1,'Inherit','Inherit',0),
	(6,'TaskPage','2018-01-21 19:28:31','2018-01-21 18:57:11','tasks','Tasks',NULL,NULL,NULL,NULL,1,1,4,0,0,NULL,4,'Inherit','Inherit',0);

/*!40000 ALTER TABLE `SiteTree_Live` ENABLE KEYS */;
UNLOCK TABLES;


# Dump of table SiteTree_Versions
# ------------------------------------------------------------

DROP TABLE IF EXISTS `SiteTree_Versions`;

CREATE TABLE `SiteTree_Versions` (
  `ID` int(11) NOT NULL AUTO_INCREMENT,
  `RecordID` int(11) NOT NULL DEFAULT 0,
  `Version` int(11) NOT NULL DEFAULT 0,
  `WasPublished` tinyint(1) unsigned NOT NULL DEFAULT 0,
  `AuthorID` int(11) NOT NULL DEFAULT 0,
  `PublisherID` int(11) NOT NULL DEFAULT 0,
  `ClassName` enum('SilverStripe\\CMS\\Model\\SiteTree','Page','HomePage','TaskPage','SilverStripe\\ErrorPage\\ErrorPage','SilverStripe\\CMS\\Model\\RedirectorPage','SilverStripe\\CMS\\Model\\VirtualPage') DEFAULT 'Page',
  `LastEdited` datetime DEFAULT NULL,
  `Created` datetime DEFAULT NULL,
  `URLSegment` varchar(255) DEFAULT NULL,
  `Title` varchar(255) DEFAULT NULL,
  `MenuTitle` varchar(100) DEFAULT NULL,
  `Content` mediumtext DEFAULT NULL,
  `MetaDescription` mediumtext DEFAULT NULL,
  `ExtraMeta` mediumtext DEFAULT NULL,
  `ShowInMenus` tinyint(1) unsigned NOT NULL DEFAULT 0,
  `ShowInSearch` tinyint(1) unsigned NOT NULL DEFAULT 0,
  `Sort` int(11) NOT NULL DEFAULT 0,
  `HasBrokenFile` tinyint(1) unsigned NOT NULL DEFAULT 0,
  `HasBrokenLink` tinyint(1) unsigned NOT NULL DEFAULT 0,
  `ReportClass` varchar(255) DEFAULT NULL,
  `CanViewType` enum('Anyone','LoggedInUsers','OnlyTheseUsers','Inherit') DEFAULT 'Inherit',
  `CanEditType` enum('LoggedInUsers','OnlyTheseUsers','Inherit') DEFAULT 'Inherit',
  `ParentID` int(11) NOT NULL DEFAULT 0,
  PRIMARY KEY (`ID`),
  KEY `RecordID_Version` (`RecordID`,`Version`),
  KEY `RecordID` (`RecordID`),
  KEY `Version` (`Version`),
  KEY `AuthorID` (`AuthorID`),
  KEY `PublisherID` (`PublisherID`),
  KEY `ClassName` (`ClassName`),
  KEY `ParentID` (`ParentID`),
  KEY `URLSegment` (`URLSegment`)
) ENGINE=InnoDB DEFAULT CHARSET=utf8;

LOCK TABLES `SiteTree_Versions` WRITE;
/*!40000 ALTER TABLE `SiteTree_Versions` DISABLE KEYS */;

INSERT INTO `SiteTree_Versions` (`ID`, `RecordID`, `Version`, `WasPublished`, `AuthorID`, `PublisherID`, `ClassName`, `LastEdited`, `Created`, `URLSegment`, `Title`, `MenuTitle`, `Content`, `MetaDescription`, `ExtraMeta`, `ShowInMenus`, `ShowInSearch`, `Sort`, `HasBrokenFile`, `HasBrokenLink`, `ReportClass`, `CanViewType`, `CanEditType`, `ParentID`)
VALUES
	(1,1,1,1,0,0,'Page','2018-01-21 17:50:23','2018-01-21 17:50:23','home','Home',NULL,'<p>Welcome to SilverStripe! This is the default homepage. You can edit this page by opening <a href=\"admin/\">the CMS</a>.</p><p>You can now access the <a href=\"http://docs.silverstripe.org\">developer documentation</a>, or begin the <a href=\"http://www.silverstripe.org/learn/lessons\">SilverStripe lessons</a>.</p>',NULL,NULL,1,1,1,0,0,NULL,'Inherit','Inherit',0),
	(2,2,1,1,0,0,'Page','2018-01-21 17:50:23','2018-01-21 17:50:23','about-us','About Us',NULL,'<p>You can fill this page out with your own content, or delete it and create your own pages.</p>',NULL,NULL,1,1,2,0,0,NULL,'Inherit','Inherit',0),
	(3,3,1,1,0,0,'Page','2018-01-21 17:50:23','2018-01-21 17:50:23','contact-us','Contact Us',NULL,'<p>You can fill this page out with your own content, or delete it and create your own pages.</p>',NULL,NULL,1,1,3,0,0,NULL,'Inherit','Inherit',0),
	(4,4,1,1,0,0,'SilverStripe\\ErrorPage\\ErrorPage','2018-01-21 17:50:23','2018-01-21 17:50:23','page-not-found','Page not found',NULL,'<p>Sorry, it seems you were trying to access a page that doesn\'t exist.</p><p>Please check the spelling of the URL you were trying to access and try again.</p>',NULL,NULL,0,0,4,0,0,NULL,'Inherit','Inherit',0),
	(5,5,1,1,0,0,'SilverStripe\\ErrorPage\\ErrorPage','2018-01-21 17:50:23','2018-01-21 17:50:23','server-error','Server error',NULL,'<p>Sorry, there was a problem with handling your request.</p>',NULL,NULL,0,0,5,0,0,NULL,'Inherit','Inherit',0),
	(6,1,2,1,1,1,'HomePage','2018-01-21 18:13:22','2018-01-21 17:50:23','home','Home',NULL,'<p>Welcome to SilverStripe! This is the default homepage. You can edit this page by opening <a href=\"admin/\">the CMS</a>.</p><p>You can now access the <a href=\"http://docs.silverstripe.org\">developer documentation</a>, or begin the <a href=\"http://www.silverstripe.org/learn/lessons\">SilverStripe lessons</a>.</p>',NULL,NULL,1,1,1,0,0,NULL,'Inherit','Inherit',0),
	(7,6,1,0,1,0,'Page','2018-01-21 18:57:11','2018-01-21 18:57:11','new-page','New Page',NULL,NULL,NULL,NULL,1,1,6,0,0,NULL,'Inherit','Inherit',0),
	(8,6,2,1,1,1,'Page','2018-01-21 18:57:18','2018-01-21 18:57:11','tasks','Tasks',NULL,NULL,NULL,NULL,1,1,6,0,0,NULL,'Inherit','Inherit',0),
	(9,6,3,1,1,1,'Page','2018-01-21 18:57:22','2018-01-21 18:57:11','tasks','Tasks',NULL,NULL,NULL,NULL,1,1,4,0,0,NULL,'Inherit','Inherit',0),
	(10,6,4,1,1,1,'TaskPage','2018-01-21 19:28:31','2018-01-21 18:57:11','tasks','Tasks',NULL,NULL,NULL,NULL,1,1,4,0,0,NULL,'Inherit','Inherit',0);

/*!40000 ALTER TABLE `SiteTree_Versions` ENABLE KEYS */;
UNLOCK TABLES;


# Dump of table SiteTree_ViewerGroups
# ------------------------------------------------------------

DROP TABLE IF EXISTS `SiteTree_ViewerGroups`;

CREATE TABLE `SiteTree_ViewerGroups` (
  `ID` int(11) NOT NULL AUTO_INCREMENT,
  `SiteTreeID` int(11) NOT NULL DEFAULT 0,
  `GroupID` int(11) NOT NULL DEFAULT 0,
  PRIMARY KEY (`ID`),
  KEY `SiteTreeID` (`SiteTreeID`),
  KEY `GroupID` (`GroupID`)
) ENGINE=InnoDB DEFAULT CHARSET=utf8;



# Dump of table Slide
# ------------------------------------------------------------

DROP TABLE IF EXISTS `Slide`;

CREATE TABLE `Slide` (
  `ID` int(11) NOT NULL AUTO_INCREMENT,
  `ClassName` enum('Slide') DEFAULT 'Slide',
  `LastEdited` datetime DEFAULT NULL,
  `Created` datetime DEFAULT NULL,
  `Title` varchar(200) DEFAULT NULL,
  `ImageID` int(11) NOT NULL DEFAULT 0,
  `HomePageID` int(11) NOT NULL DEFAULT 0,
  PRIMARY KEY (`ID`),
  KEY `ClassName` (`ClassName`),
  KEY `ImageID` (`ImageID`),
  KEY `HomePageID` (`HomePageID`)
) ENGINE=InnoDB DEFAULT CHARSET=utf8;

LOCK TABLES `Slide` WRITE;
/*!40000 ALTER TABLE `Slide` DISABLE KEYS */;

INSERT INTO `Slide` (`ID`, `ClassName`, `LastEdited`, `Created`, `Title`, `ImageID`, `HomePageID`)
VALUES
	(1,'Slide','2018-01-21 22:44:51','2018-01-21 18:43:23','My First Slide',2,1),
	(2,'Slide','2018-01-21 18:49:17','2018-01-21 18:49:17','My Second Slide',3,1);

/*!40000 ALTER TABLE `Slide` ENABLE KEYS */;
UNLOCK TABLES;


# Dump of table Task
# ------------------------------------------------------------

DROP TABLE IF EXISTS `Task`;

CREATE TABLE `Task` (
  `ID` int(11) NOT NULL AUTO_INCREMENT,
  `ClassName` enum('Task') DEFAULT 'Task',
  `LastEdited` datetime DEFAULT NULL,
  `Created` datetime DEFAULT NULL,
  `Title` varchar(200) DEFAULT NULL,
  `TaskUserID` int(11) NOT NULL DEFAULT 0,
  PRIMARY KEY (`ID`),
  KEY `ClassName` (`ClassName`),
  KEY `TaskUserID` (`TaskUserID`)
) ENGINE=InnoDB DEFAULT CHARSET=utf8;

LOCK TABLES `Task` WRITE;
/*!40000 ALTER TABLE `Task` DISABLE KEYS */;

INSERT INTO `Task` (`ID`, `ClassName`, `LastEdited`, `Created`, `Title`, `TaskUserID`)
VALUES
	(5,'Task','2018-01-21 22:11:35','2018-01-21 22:11:35','Create a new task!',1),
	(6,'Task','2018-01-21 22:11:45','2018-01-21 22:11:45','Create one more...',1),
	(8,'Task','2018-01-21 22:22:45','2018-01-21 22:22:45','Create another task!',2),
	(9,'Task','2018-01-21 22:28:58','2018-01-21 22:28:58','Create another task!',3),
	(10,'Task','2018-01-21 22:30:18','2018-01-21 22:30:18','Sweep the floors...',2),
	(11,'Task','2018-01-21 22:30:28','2018-01-21 22:30:28','Clean the garage.',2);

/*!40000 ALTER TABLE `Task` ENABLE KEYS */;
UNLOCK TABLES;


# Dump of table TaskUser
# ------------------------------------------------------------

DROP TABLE IF EXISTS `TaskUser`;

CREATE TABLE `TaskUser` (
  `ID` int(11) NOT NULL AUTO_INCREMENT,
  `ClassName` enum('TaskUser') DEFAULT 'TaskUser',
  `LastEdited` datetime DEFAULT NULL,
  `Created` datetime DEFAULT NULL,
  `Name` varchar(200) DEFAULT NULL,
  PRIMARY KEY (`ID`),
  KEY `ClassName` (`ClassName`)
) ENGINE=InnoDB DEFAULT CHARSET=utf8;

LOCK TABLES `TaskUser` WRITE;
/*!40000 ALTER TABLE `TaskUser` DISABLE KEYS */;

INSERT INTO `TaskUser` (`ID`, `ClassName`, `LastEdited`, `Created`, `Name`)
VALUES
	(1,'TaskUser','2018-01-21 19:01:07','2018-01-21 19:01:07','Frank'),
	(2,'TaskUser','2018-01-21 19:01:14','2018-01-21 19:01:14','Sammy'),
	(3,'TaskUser','2018-01-21 19:01:23','2018-01-21 19:01:23','Jennifer'),
	(4,'TaskUser','2018-01-21 22:57:18','2018-01-21 22:57:18','Chris');

/*!40000 ALTER TABLE `TaskUser` ENABLE KEYS */;
UNLOCK TABLES;


# Dump of table VirtualPage
# ------------------------------------------------------------

DROP TABLE IF EXISTS `VirtualPage`;

CREATE TABLE `VirtualPage` (
  `ID` int(11) NOT NULL AUTO_INCREMENT,
  `VersionID` int(11) NOT NULL DEFAULT 0,
  `CopyContentFromID` int(11) NOT NULL DEFAULT 0,
  PRIMARY KEY (`ID`),
  KEY `CopyContentFromID` (`CopyContentFromID`)
) ENGINE=InnoDB DEFAULT CHARSET=utf8;



# Dump of table VirtualPage_Live
# ------------------------------------------------------------

DROP TABLE IF EXISTS `VirtualPage_Live`;

CREATE TABLE `VirtualPage_Live` (
  `ID` int(11) NOT NULL AUTO_INCREMENT,
  `VersionID` int(11) NOT NULL DEFAULT 0,
  `CopyContentFromID` int(11) NOT NULL DEFAULT 0,
  PRIMARY KEY (`ID`),
  KEY `CopyContentFromID` (`CopyContentFromID`)
) ENGINE=InnoDB DEFAULT CHARSET=utf8;



# Dump of table VirtualPage_Versions
# ------------------------------------------------------------

DROP TABLE IF EXISTS `VirtualPage_Versions`;

CREATE TABLE `VirtualPage_Versions` (
  `ID` int(11) NOT NULL AUTO_INCREMENT,
  `RecordID` int(11) NOT NULL DEFAULT 0,
  `Version` int(11) NOT NULL DEFAULT 0,
  `VersionID` int(11) NOT NULL DEFAULT 0,
  `CopyContentFromID` int(11) NOT NULL DEFAULT 0,
  PRIMARY KEY (`ID`),
  UNIQUE KEY `RecordID_Version` (`RecordID`,`Version`),
  KEY `RecordID` (`RecordID`),
  KEY `Version` (`Version`),
  KEY `CopyContentFromID` (`CopyContentFromID`)
) ENGINE=InnoDB DEFAULT CHARSET=utf8;




/*!40111 SET SQL_NOTES=@OLD_SQL_NOTES */;
/*!40101 SET SQL_MODE=@OLD_SQL_MODE */;
/*!40014 SET FOREIGN_KEY_CHECKS=@OLD_FOREIGN_KEY_CHECKS */;
/*!40101 SET CHARACTER_SET_CLIENT=@OLD_CHARACTER_SET_CLIENT */;
/*!40101 SET CHARACTER_SET_RESULTS=@OLD_CHARACTER_SET_RESULTS */;
/*!40101 SET COLLATION_CONNECTION=@OLD_COLLATION_CONNECTION */;
